"X5.min"	"X10.min"	"X15.min"	"X20.min"	"X30.min"	"X60.min"	"X90.min"	"X120.min"
"REF_1"	45.5524655687064	68.7948845753819	61.4857947434485	74.9734811032563	81.3163246423751	90.3326441646367	98.1183954210579	90.3989907638356
"REF_2"	46.8145950258151	54.8583326147124	72.1324524731189	77.7239695337415	83.0119752508029	83.6422896100953	86.4014128970355	91.2359873365238
"REF_3"	43.0513625444099	49.9294277741388	62.6859704232216	69.0299602150917	85.0232903492451	75.4040495975316	83.406934880577	96.8217552722246
"REF_4"	53.4131676289067	58.4653476917744	73.727628271319	69.4263523551077	74.1061547183991	81.8217755311727	86.0650364886969	99.510328617245
"REF_5"	51.9651826412976	64.9483043790609	70.0412893858179	79.8889640238136	87.0689100937545	92.5207440300286	97.6023488936946	98.1500075347349
"REF_6"	47.4626205586642	72.1209859564155	76.8279386921599	65.245101329051	83.2581003227457	90.0823505695909	89.0917624972016	95.9254864531383
