"X5.min"	"X10.min"	"X15.min"	"X20.min"	"X30.min"	"X60.min"	"X90.min"	"X120.min"
"REF_1"	45.2080732839555	65.8665039817244	70.7040735314786	74.1580385122821	74.0068688266724	88.1924837101996	100.71574244868	96.7290220693871
"REF_2"	46.6815260405093	57.0261407860741	76.8622609210014	74.904126856178	78.0749193342775	82.521952227205	86.9497678012028	83.8479517327249
"REF_3"	37.6819208954647	63.2875936007872	62.824221534133	80.3790698079392	68.2343695145845	90.6123395746946	89.837300584577	92.3862046598271
"REF_4"	54.0419524400309	53.1690193120018	65.1298390554637	67.4508545654267	70.284621200487	80.6755712644756	91.3660105103627	98.5466877895594
"REF_5"	56.5643076819927	69.8610380288958	72.9660383895412	79.4021708270535	85.0367795887962	89.3693211838976	80.8319845402613	88.0587856899574
"REF_6"	53.539317031838	68.0208297348767	72.0446417624876	74.564119165875	76.9070355438814	77.7553815029562	94.0959847924486	96.5786748866364
